{
  "trajectory_number": 0,
  "timestamp": 1753837794.13905,
  "rewards": [
    -1.9073486328125e-06,
    0.0007634162902832031,
    -0.008695483207702637,
    -0.1469120979309082,
    -0.27657973766326904,
    -0.3319002389907837,
    -0.3800973892211914,
    -0.5381879806518555,
    -0.7022039890289307,
    -0.8555607795715332,
    -1.1066555976867676,
    -1.1980805397033691,
    -1.363081455230713,
    -1.5802011489868164,
    -1.8379764556884766,
    -2.284651756286621,
    -2.355426788330078,
    -100.0,
    -100.0
  ],
  "states": [
    [
      5.7067154557444155e-05,
      11.001619338989258,
      1.5252269804477692e-05,
      -1.5299447774887085,
      11.001619338989258,
      -0.019986728206276894
    ],
    [
      -0.001031836960464716,
      11.001432418823242,
      0.026101117953658104,
      -1.5297091007232666,
      11.001708984375,
      -0.019901413470506668
    ],
    [
      -0.0021829139441251755,
      11.001215934753418,
      0.16171100735664368,
      -1.5294969081878662,
      11.001729011535645,
      -0.019823992624878883
    ],
    [
      0.10946448147296906,
      11.00121021270752,
      0.37126681208610535,
      -1.5294969081878662,
      11.001729011535645,
      -0.019823992624878883
    ],
    [
      0.30676203966140747,
      11.001152038574219,
      0.6700000166893005,
      -1.5294969081878662,
      11.001729011535645,
      -0.019823992624878883
    ],
    [
      0.4175000786781311,
      11.000986099243164,
      1.192259669303894,
      -1.5294969081878662,
      11.001729011535645,
      -0.019823992624878883
    ],
    [
      0.42843398451805115,
      11.000770568847656,
      1.8007245063781738,
      -1.5294969081878662,
      11.001729011535645,
      -0.019823992624878883
    ],
    [
      0.42728233337402344,
      11.00054931640625,
      2.5269978046417236,
      -1.5294969081878662,
      11.001729011535645,
      -0.019823992624878883
    ],
    [
      0.42628419399261475,
      11.000261306762695,
      3.3704404830932617,
      -1.5294969081878662,
      11.001729011535645,
      -0.019823992624878883
    ],
    [
      0.42525142431259155,
      11.000105857849121,
      4.3307108879089355,
      -1.5294969081878662,
      11.001729011535645,
      -0.019823992624878883
    ],
    [
      0.42487016320228577,
      11.000117301940918,
      5.521812438964844,
      -1.5294969081878662,
      11.001729011535645,
      -0.019823992624878883
    ],
    [
      0.42486947774887085,
      10.784236907958984,
      6.775620460510254,
      -1.5294969081878662,
      11.001729011535645,
      -0.019823992624878883
    ],
    [
      0.42486879229545593,
      10.175957679748535,
      8.146387100219727,
      -1.5294969081878662,
      11.001729011535645,
      -0.019823992624878883
    ],
    [
      0.424868106842041,
      9.175277709960938,
      9.633950233459473,
      -1.5294969081878662,
      11.001729011535645,
      -0.019823992624878883
    ],
    [
      0.4248674213886261,
      7.782198905944824,
      11.221529006958008,
      -1.5294969081878662,
      11.001729011535645,
      -0.019823992624878883
    ],
    [
      0.4248666763305664,
      5.7965898513793945,
      12.981366157531738,
      -1.5294969081878662,
      11.001729011535645,
      -0.019823992624878883
    ],
    [
      0.4248660206794739,
      3.579469680786133,
      14.581364631652832,
      -1.5294969081878662,
      11.001729011535645,
      -0.019823992624878883
    ],
    [
      0.42486563324928284,
      0.96994948387146,
      16.181364059448242,
      -1.5294969081878662,
      11.001729011535645,
      -0.019823992624878883
    ],
    [
      0.4160946309566498,
      1.0006519556045532,
      17.568387985229492,
      -1.5294969081878662,
      11.001729011535645,
      -0.019823992624878883
    ]
  ],
  "actions": [
    [
      1.0,
      0.0,
      0.0,
      0.0
    ],
    [
      1.0,
      0.0,
      0.0,
      0.0
    ],
    [
      0.0,
      0.0,
      0.0,
      1.0
    ],
    [
      1.0,
      0.0,
      0.0,
      0.0
    ],
    [
      1.0,
      0.0,
      0.0,
      0.0
    ],
    [
      1.0,
      0.0,
      0.0,
      0.0
    ],
    [
      1.0,
      0.0,
      0.0,
      0.0
    ],
    [
      1.0,
      0.0,
      0.0,
      0.0
    ],
    [
      1.0,
      0.0,
      0.0,
      0.0
    ],
    [
      1.0,
      0.0,
      0.0,
      0.0
    ],
    [
      1.0,
      0.0,
      0.0,
      0.0
    ],
    [
      1.0,
      0.0,
      0.0,
      0.0
    ],
    [
      1.0,
      0.0,
      0.0,
      0.0
    ],
    [
      1.0,
      0.0,
      0.0,
      0.0
    ],
    [
      1.0,
      0.0,
      0.0,
      0.0
    ],
    [
      1.0,
      0.0,
      0.0,
      0.0
    ],
    [
      1.0,
      0.0,
      0.0,
      0.0
    ],
    [
      1.0,
      0.0,
      0.0,
      0.0
    ],
    [
      1.0,
      0.0,
      0.0,
      0.0
    ]
  ],
  "trajectory_length": 19
}