{
  "trajectory_number": 0,
  "timestamp": 1753837855.8646028,
  "rewards": [
    -1.9073486328125e-06,
    0.027083158493041992,
    0.1366443634033203,
    0.2540750503540039,
    0.11313742399215698,
    -0.00042998790740966797,
    -0.0016679167747497559,
    -0.0026167631149291992,
    -0.003103017807006836,
    -0.004057884216308594,
    -0.006896018981933594,
    -0.002361774444580078,
    -6.73532485961914e-05,
    -0.00011861324310302734,
    -0.004491925239562988,
    -0.03707754611968994,
    -0.08012771606445312,
    -100.0,
    -100.0
  ],
  "states": [
    11.001619338989258,
    11.001142501831055,
    11.000646591186523,
    11.000182151794434,
    11.00039291381836,
    11.001273155212402,
    11.001911163330078,
    11.002246856689453,
    11.002481460571289,
    11.002753257751465,
    10.998973846435547,
    10.848531723022461,
    10.285280227661133,
    9.33238410949707,
    7.989147186279297,
    6.253652572631836,
    3.8913869857788086,
    1.3318703174591064,
    1.195805549621582
  ],
  "actions": [
    [
      0.0,
      0.0,
      1.0,
      0.0
    ],
    [
      0.0,
      0.0,
      1.0,
      0.0
    ],
    [
      0.0,
      0.0,
      1.0,
      0.0
    ],
    [
      0.0,
      0.0,
      0.0,
      1.0
    ],
    [
      0.0,
      0.0,
      1.0,
      0.0
    ],
    [
      0.0,
      0.0,
      1.0,
      0.0
    ],
    [
      0.0,
      0.0,
      1.0,
      0.0
    ],
    [
      0.0,
      0.0,
      1.0,
      0.0
    ],
    [
      0.0,
      0.0,
      1.0,
      0.0
    ],
    [
      0.0,
      0.0,
      1.0,
      0.0
    ],
    [
      0.0,
      0.0,
      1.0,
      0.0
    ],
    [
      0.0,
      0.0,
      1.0,
      0.0
    ],
    [
      0.0,
      0.0,
      1.0,
      0.0
    ],
    [
      0.0,
      0.0,
      1.0,
      0.0
    ],
    [
      0.0,
      0.0,
      1.0,
      0.0
    ],
    [
      0.0,
      0.0,
      1.0,
      0.0
    ],
    [
      0.0,
      0.0,
      1.0,
      0.0
    ],
    [
      0.0,
      0.0,
      1.0,
      0.0
    ],
    [
      0.0,
      0.0,
      1.0,
      0.0
    ]
  ],
  "trajectory_length": 19
}