{
  "trajectory_number": 0,
  "timestamp": 1753749106.0788941,
  "rewards": [
    -1.9073486328125e-06,
    -0.02494525909423828,
    -0.11184430122375488,
    -0.12517058849334717,
    -0.14889514446258545,
    -0.21535789966583252,
    -0.37612009048461914,
    -0.548346757888794,
    -0.7933144569396973,
    -0.8803393840789795,
    -1.020627498626709,
    -1.1990160942077637,
    -1.5092406272888184,
    -1.5960817337036133,
    -1.8443946838378906,
    -2.064764976501465,
    -2.325754165649414,
    -100.0,
    -100.0,
    14.04078197479248,
    -1.4438929557800293,
    -1.6019675731658936,
    -1.8417572975158691,
    -1.7627277374267578,
    -1.8764257431030273,
    -2.064822196960449,
    -2.5529775619506836,
    -2.6844167709350586,
    -100.0,
    -100.0
  ],
  "states": [
    [
      5.7067154557444155e-05,
      11.001619338989258,
      1.5252269804477692e-05,
      -1.5299447774887085,
      11.001619338989258,
      -0.019986728206276894
    ],
    [
      0.025257010012865067,
      11.002090454101562,
      -0.001259076758287847,
      -1.5297091007232666,
      11.001708984375,
      -0.019901413470506668
    ],
    [
      0.1366230696439743,
      11.002721786499023,
      -0.07152662426233292,
      -1.5294969081878662,
      11.001729011535645,
      -0.019823992624878883
    ],
    [
      0.24019157886505127,
      11.00290298461914,
      -0.30230921506881714,
      -1.5294969081878662,
      11.001729011535645,
      -0.019823992624878883
    ],
    [
      0.29943424463272095,
      11.002983093261719,
      -0.6697807908058167,
      -1.5294969081878662,
      11.001729011535645,
      -0.019823992624878883
    ],
    [
      0.3002229630947113,
      11.003043174743652,
      -1.160854458808899,
      -1.5294969081878662,
      11.001729011535645,
      -0.019823992624878883
    ],
    [
      0.3010132312774658,
      11.0031099319458,
      -1.7698566913604736,
      -1.5294969081878662,
      11.001729011535645,
      -0.019823992624878883
    ],
    [
      0.3018050193786621,
      11.00317668914795,
      -2.497269868850708,
      -1.5294969081878662,
      11.001729011535645,
      -0.019823992624878883
    ],
    [
      0.3026777505874634,
      11.003249168395996,
      -3.433326005935669,
      -1.5294969081878662,
      11.001729011535645,
      -0.019823992624878883
    ],
    [
      0.3034726679325104,
      11.003315925598145,
      -4.4067559242248535,
      -1.5294969081878662,
      11.001729011535645,
      -0.019823992624878883
    ],
    [
      0.29939979314804077,
      11.00235366821289,
      -5.497674465179443,
      -1.5294969081878662,
      11.001729011535645,
      -0.019823992624878883
    ],
    [
      0.299570232629776,
      10.825973510742188,
      -6.747515678405762,
      -1.5294969081878662,
      11.001729011535645,
      -0.019823992624878883
    ],
    [
      0.2995646893978119,
      10.178738594055176,
      -8.262666702270508,
      -1.5294969081878662,
      11.001729011535645,
      -0.019823992624878883
    ],
    [
      0.299559623003006,
      9.178323745727539,
      -9.762755393981934,
      -1.5294969081878662,
      11.001729011535645,
      -0.019823992624878883
    ],
    [
      0.29955458641052246,
      7.7855095863342285,
      -11.355085372924805,
      -1.5294969081878662,
      11.001729011535645,
      -0.019823992624878883
    ],
    [
      0.29954954981803894,
      6.000295162200928,
      -12.955083847045898,
      -1.5294969081878662,
      11.001729011535645,
      -0.019823992624878883
    ],
    [
      0.2995448112487793,
      3.8226802349090576,
      -14.555082321166992,
      -1.5294969081878662,
      11.001729011535645,
      -0.019823992624878883
    ],
    [
      0.2995423376560211,
      1.2526649236679077,
      -16.155080795288086,
      -1.5294969081878662,
      11.001729011535645,
      -0.019823992624878883
    ],
    [
      0.307650089263916,
      1.0055800676345825,
      -17.705583572387695,
      -1.5294969081878662,
      11.001729011535645,
      -0.019823992624878883
    ],
    [
      0.0008786859689280391,
      11.001818656921387,
      -1.7010730504989624,
      -1.529732584953308,
      11.00170612335205,
      -0.01990547403693199
    ],
    [
      0.0017175163375213742,
      11.001891136169434,
      -3.4072775840759277,
      -1.5294969081878662,
      11.001729011535645,
      -0.019819380715489388
    ],
    [
      0.0018549286760389805,
      11.001714706420898,
      -5.114055633544922,
      -1.5294969081878662,
      11.001729011535645,
      -0.019819380715489388
    ],
    [
      -0.0019294375088065863,
      10.822969436645508,
      -7.013896465301514,
      -1.5294969081878662,
      11.001729011535645,
      -0.019819380715489388
    ],
    [
      -0.0018968865042552352,
      10.173486709594727,
      -8.77291202545166,
      -1.5294969081878662,
      11.001729011535645,
      -0.019819380715489388
    ],
    [
      -0.001864349702373147,
      9.049199104309082,
      -10.53177547454834,
      -1.5294969081878662,
      11.001729011535645,
      -0.019819380715489388
    ],
    [
      -0.0018318390939384699,
      7.450109481811523,
      -12.290292739868164,
      -1.5294969081878662,
      11.001729011535645,
      -0.019819380715489388
    ],
    [
      -0.0017964164726436138,
      5.164135456085205,
      -14.208107948303223,
      -1.5294969081878662,
      11.001729011535645,
      -0.019819380715489388
    ],
    [
      -0.0017639987636357546,
      2.572272539138794,
      -15.96700382232666,
      -1.5294969081878662,
      11.001729011535645,
      -0.019819380715489388
    ],
    [
      0.00196751207113266,
      1.0116480588912964,
      -17.671798706054688,
      -1.5294969081878662,
      11.001729011535645,
      -0.019819380715489388
    ],
    [
      0.000883410801179707,
      1.011731743812561,
      -19.52222442626953,
      -1.5294969081878662,
      11.001729011535645,
      -0.019819380715489388
    ]
  ],
  "actions": [
    [
      0.0,
      0.0,
      0.0,
      1.0
    ],
    [
      0.0,
      1.0,
      0.0,
      0.0
    ],
    [
      0.0,
      1.0,
      0.0,
      0.0
    ],
    [
      0.0,
      1.0,
      0.0,
      0.0
    ],
    [
      0.0,
      1.0,
      0.0,
      0.0
    ],
    [
      1.0,
      0.0,
      0.0,
      0.0
    ],
    [
      0.0,
      1.0,
      0.0,
      0.0
    ],
    [
      0.0,
      1.0,
      0.0,
      0.0
    ],
    [
      0.0,
      1.0,
      0.0,
      0.0
    ],
    [
      0.0,
      1.0,
      0.0,
      0.0
    ],
    [
      0.0,
      1.0,
      0.0,
      0.0
    ],
    [
      0.0,
      1.0,
      0.0,
      0.0
    ],
    [
      0.0,
      1.0,
      0.0,
      0.0
    ],
    [
      0.0,
      1.0,
      0.0,
      0.0
    ],
    [
      0.0,
      1.0,
      0.0,
      0.0
    ],
    [
      0.0,
      1.0,
      0.0,
      0.0
    ],
    [
      0.0,
      1.0,
      0.0,
      0.0
    ],
    [
      0.0,
      1.0,
      0.0,
      0.0
    ],
    [
      0.0,
      1.0,
      0.0,
      0.0
    ],
    [
      0.0,
      1.0,
      0.0,
      0.0
    ],
    [
      0.0,
      1.0,
      0.0,
      0.0
    ],
    [
      0.0,
      1.0,
      0.0,
      0.0
    ],
    [
      1.0,
      0.0,
      0.0,
      0.0
    ],
    [
      0.0,
      1.0,
      0.0,
      0.0
    ],
    [
      0.0,
      1.0,
      0.0,
      0.0
    ],
    [
      0.0,
      1.0,
      0.0,
      0.0
    ],
    [
      0.0,
      1.0,
      0.0,
      0.0
    ],
    [
      0.0,
      1.0,
      0.0,
      0.0
    ],
    [
      0.0,
      1.0,
      0.0,
      0.0
    ],
    [
      0.0,
      1.0,
      0.0,
      0.0
    ]
  ],
  "trajectory_length": 30
}