{
  "trajectory_number": 0,
  "timestamp": 1753838140.785989,
  "rewards": [
    -1.9073486328125e-06,
    0.027066946029663086,
    0.10849273204803467,
    0.19490742683410645,
    0.16455137729644775,
    0.0067713260650634766,
    0.006414055824279785,
    0.004104137420654297,
    0.0037734508514404297,
    0.0025415420532226562,
    1.0251998901367188e-05,
    -0.001866459846496582,
    -3.5762786865234375e-07,
    -5.841255187988281e-06,
    -4.184246063232422e-05,
    -0.0030527114868164062,
    -0.008307456970214844,
    100.0,
    -100.0,
    -0.5053566694259644
  ],
  "states": [
    11.001619338989258,
    11.001144409179688,
    11.000500679016113,
    11.001518249511719,
    11.000908851623535,
    11.000083923339844,
    10.99974536895752,
    11.000687599182129,
    11.001049041748047,
    11.00121784210205,
    10.999878883361816,
    10.888862609863281,
    10.296420097351074,
    9.346050262451172,
    8.003918647766113,
    6.269481182098389,
    4.14264440536499,
    1.3499025106430054,
    1.1642853021621704,
    11.0
  ],
  "actions": [
    [
      0.0,
      0.0,
      1.0,
      0.0
    ],
    [
      1.0,
      0.0,
      0.0,
      0.0
    ],
    [
      0.0,
      0.0,
      1.0,
      0.0
    ],
    [
      0.0,
      0.0,
      1.0,
      0.0
    ],
    [
      0.0,
      0.0,
      1.0,
      0.0
    ],
    [
      0.0,
      0.0,
      1.0,
      0.0
    ],
    [
      0.0,
      0.0,
      1.0,
      0.0
    ],
    [
      0.0,
      0.0,
      1.0,
      0.0
    ],
    [
      0.0,
      0.0,
      1.0,
      0.0
    ],
    [
      0.0,
      0.0,
      1.0,
      0.0
    ],
    [
      0.0,
      0.0,
      1.0,
      0.0
    ],
    [
      0.0,
      0.0,
      1.0,
      0.0
    ],
    [
      0.0,
      0.0,
      1.0,
      0.0
    ],
    [
      0.0,
      0.0,
      1.0,
      0.0
    ],
    [
      0.0,
      0.0,
      0.0,
      1.0
    ],
    [
      0.0,
      0.0,
      1.0,
      0.0
    ],
    [
      0.0,
      0.0,
      1.0,
      0.0
    ],
    [
      0.0,
      0.0,
      1.0,
      0.0
    ],
    [
      0.0,
      0.0,
      1.0,
      0.0
    ],
    [
      0.0,
      1.0,
      0.0,
      0.0
    ]
  ],
  "trajectory_length": 20
}