
{
  "trajectory_number": 0,
  "timestamp": 1753837700.3160949,
  "rewards": [
    -1.9073486328125e-06,
    0.02712404727935791,
    0.10951614379882812,
    0.06677353382110596,
    -0.08194899559020996,
    -0.4202134609222412,
    -0.5945748090744019,
    -0.7157816886901855,
    -0.773383378982544,
    -0.9283215999603271,
    -1.0527400970458984,
    -0.8378138542175293,
    -0.029463768005371094,
    0.06432819366455078,
    -0.40523195266723633,
    -0.03679227828979492,
    0.20943498611450195,
    -0.6205635070800781,
    -1.6863646507263184,
    -100.0,
    -100.0
  ],
  "states": [
    [
      5.7067154557444155e-05,
      11.001619338989258,
      1.5252269804477692e-05,
      -1.5299447774887085,
      11.001619338989258,
      -0.019986728206276894
    ],
    [
      -0.026857174932956696,
      11.001137733459473,
      0.0017871364252641797,
      -1.5297091007232666,
      11.001708984375,
      -0.019901413470506668
    ],
    [
      -0.13909919559955597,
      11.000481605529785,
      0.07298845052719116,
      -1.5294969081878662,
      11.001729011535645,
      -0.019823992624878883
    ],
    [
      -0.24286054074764252,
      11.000655174255371,
      0.303825318813324,
      -1.5294969081878662,
      11.001729011535645,
      -0.019823992624878883
    ],
    [
      -0.30214136838912964,
      11.000753402709961,
      0.6715102791786194,
      -1.5294969081878662,
      11.001729011535645,
      -0.019823992624878883
    ],
    [
      -0.0764961913228035,
      11.000731468200684,
      1.0908492803573608,
      -1.5294969081878662,
      11.001729011535645,
      -0.019823992624878883
    ],
    [
      0.47120606899261475,
      11.000554084777832,
      1.3477747440338135,
      -1.5294969081878662,
      11.001729011535645,
      -0.019823992624878883
    ],
    [
      1.1227623224258423,
      11.000418663024902,
      1.6595605611801147,
      -1.5294969081878662,
      11.001729011535645,
      -0.019823992624878883
    ],
    [
      1.573562502861023,
      11.000534057617188,
      2.363372564315796,
      -1.5294969081878662,
      11.001729011535645,
      -0.019823992624878883
    ],
    [
      2.1976325511932373,
      11.000497817993164,
      3.0693881511688232,
      -1.5294969081878662,
      11.001729011535645,
      -0.019823992624878883
    ],
    [
      2.9042179584503174,
      11.000560760498047,
      3.863173723220825,
      -1.5294969081878662,
      11.001729011535645,
      -0.019823992624878883
    ],
    [
      2.8112759590148926,
      11.000636100769043,
      5.125148296356201,
      -1.5294969081878662,
      11.001729011535645,
      -0.019823992624878883
    ],
    [
      1.739378571510315,
      10.917771339416504,
      5.897776126861572,
      -1.5294969081878662,
      11.001729011535645,
      -0.019823992624878883
    ],
    [
      0.33719608187675476,
      10.466035842895508,
      6.389027118682861,
      -1.5294969081878662,
      11.001729011535645,
      -0.019823992624878883
    ],
    [
      -1.1465036869049072,
      9.621899604797363,
      6.93617057800293,
      -1.5294969081878662,
      11.001729011535645,
      -0.019823992624878883
    ],
    [
      -2.7574117183685303,
      8.240129470825195,
      6.4474945068359375,
      -1.5294969081878662,
      11.001729011535645,
      -0.019823992624878883
    ],
    [
      -3.3046610355377197,
      6.571954250335693,
      5.0041184425354,
      -1.5294969081878662,
      11.001729011535645,
      -0.019823992624878883
    ],
    [
      -3.3046631813049316,
      4.511378765106201,
      3.4041199684143066,
      -1.5294969081878662,
      11.001729011535645,
      -0.019823992624878883
    ],
    [
      -2.600433826446533,
      2.0584025382995605,
      2.023813247680664,
      -1.5294969081878662,
      11.001729011535645,
      -0.019823992624878883
    ],
    [
      -1.332343578338623,
      1.0023614168167114,
      1.4076356887817383,
      -1.5294969081878662,
      11.001729011535645,
      -0.019823992624878883
    ],
    [
      0.12881574034690857,
      1.002294659614563,
      1.7133967876434326,
      -1.5294969081878662,
      11.001729011535645,
      -0.019823992624878883
    ]
  ],
  "actions": [
    [
      0.0,
      0.0,
      1.0,
      0.0
    ],
    [
      1.0,
      0.0,
      0.0,
      0.0
    ],
    [
      1.0,
      0.0,
      0.0,
      0.0
    ],
    [
      1.0,
      0.0,
      0.0,
      0.0
    ],
    [
      0.0,
      0.0,
      0.0,
      1.0
    ],
    [
      0.0,
      0.0,
      0.0,
      1.0
    ],
    [
      0.0,
      0.0,
      1.0,
      0.0
    ],
    [
      1.0,
      0.0,
      0.0,
      0.0
    ],
    [
      0.0,
      0.0,
      0.0,
      1.0
    ],
    [
      1.0,
      0.0,
      0.0,
      0.0
    ],
    [
      0.0,
      0.0,
      1.0,
      0.0
    ],
    [
      0.0,
      1.0,
      0.0,
      0.0
    ],
    [
      0.0,
      0.0,
      0.0,
      1.0
    ],
    [
      0.0,
      0.0,
      1.0,
      0.0
    ],
    [
      0.0,
      1.0,
      0.0,
      0.0
    ],
    [
      0.0,
      0.0,
      0.0,
      1.0
    ],
    [
      0.0,
      1.0,
      0.0,
      0.0
    ],
    [
      0.0,
      0.0,
      0.0,
      1.0
    ],
    [
      0.0,
      0.0,
      0.0,
      1.0
    ],
    [
      1.0,
      0.0,
      0.0,
      0.0
    ],
    [
      1.0,
      0.0,
      0.0,
      0.0
    ]
  ],
  "trajectory_length": 21
}